,index,number,link,title,id,img
0,Welcome to the Huberman Lab Podcast,1.0,https://www.youtube.com/watch?v=4b6bwcWK6GE&list=UU2D2CMWXMOVWx7giW1n3LIg&index=137&pp=iAQB,Welcome to the Huberman Lab Podcast,4b6bwcWK6GE,https://i.ytimg.com/vi/4b6bwcWK6GE/hqdefault.jpg?sqp=-oaymwEcCNACELwBSFXyq4qpAw4IARUAAIhCGAFwAcABBg==&rs=AOn4CLBpQKZZigB2jvS2kwe8dqG0RFryqQ
1,How Your Nervous System Works & Changes | Huberman Lab Podcast #1,2.0,https://www.youtube.com/watch?v=H-XfCl-HpRM&list=UU2D2CMWXMOVWx7giW1n3LIg&index=136&pp=iAQB,How Your Nervous System Works & Changes | Huberman Lab Podcast #1,H-XfCl-HpRM,https://i.ytimg.com/vi/H-XfCl-HpRM/hqdefault.jpg?sqp=-oaymwEcCNACELwBSFXyq4qpAw4IARUAAIhCGAFwAcABBg==&rs=AOn4CLAn-F5F7Nl5U-QQ9N4VzgMmIZeviQ
2,Master Your Sleep & Be More Alert When Awake | Huberman Lab Podcast #2,3.0,https://www.youtube.com/watch?v=nm1TxQj9IsQ&list=UU2D2CMWXMOVWx7giW1n3LIg&index=135&pp=iAQB,Master Your Sleep & Be More Alert When Awake | Huberman Lab Podcast #2,nm1TxQj9IsQ,https://i.ytimg.com/vi/nm1TxQj9IsQ/hqdefault.jpg?sqp=-oaymwEcCNACELwBSFXyq4qpAw4IARUAAIhCGAFwAcABBg==&rs=AOn4CLDzwGIOzAnq7YpXsaE_0GZu69jFnw
3,"Using Science to Optimize Sleep, Learning & Metabolism | Huberman Lab Podcast #3",4.0,https://www.youtube.com/watch?v=nwSkFq4tyC0&list=UU2D2CMWXMOVWx7giW1n3LIg&index=134&pp=iAQB,"Using Science to Optimize Sleep, Learning & Metabolism | Huberman Lab Podcast #3",nwSkFq4tyC0,https://i.ytimg.com/vi/nwSkFq4tyC0/hqdefault.jpg?sqp=-oaymwEcCNACELwBSFXyq4qpAw4IARUAAIhCGAFwAcABBg==&rs=AOn4CLBfmh9ZqDNTfkcp6zYR3X-F36hKtw
4,"Find Your Temperature Minimum to Defeat Jetlag, Shift Work & Sleeplessness | Huberman Lab Podcast #4",5.0,https://www.youtube.com/watch?v=NAATB55oxeQ&list=UU2D2CMWXMOVWx7giW1n3LIg&index=133&pp=iAQB,"Find Your Temperature Minimum to Defeat Jetlag, Shift Work & Sleeplessness | Huberman Lab Podcast #4",NAATB55oxeQ,https://i.ytimg.com/vi/NAATB55oxeQ/hqdefault.jpg?sqp=-oaymwEcCNACELwBSFXyq4qpAw4IARUAAIhCGAFwAcABBg==&rs=AOn4CLDPd6FDbvFUU4Y72mKYA8s5AfmttQ
5,Understanding and Using Dreams to Learn and to Forget | Huberman Lab Podcast #5,6.0,https://www.youtube.com/watch?v=FFwA0QFmpQ4&list=UU2D2CMWXMOVWx7giW1n3LIg&index=132&pp=iAQB,Understanding and Using Dreams to Learn and to Forget | Huberman Lab Podcast #5,FFwA0QFmpQ4,https://i.ytimg.com/vi/FFwA0QFmpQ4/hqdefault.jpg?sqp=-oaymwEcCNACELwBSFXyq4qpAw4IARUAAIhCGAFwAcABBg==&rs=AOn4CLCVldZLLBWo9NmxuEFV58xi21Mfcg
6,How to Focus to Change Your Brain | Huberman Lab Podcast #6,7.0,https://www.youtube.com/watch?v=LG53Vxum0as&list=UU2D2CMWXMOVWx7giW1n3LIg&index=131&pp=iAQB,How to Focus to Change Your Brain | Huberman Lab Podcast #6,LG53Vxum0as,https://i.ytimg.com/vi/LG53Vxum0as/hqdefault.jpg?sqp=-oaymwEcCNACELwBSFXyq4qpAw4IARUAAIhCGAFwAcABBg==&rs=AOn4CLDg4ZX9W55mM_9Q1tjnAIDyzjroLg
7,"Using Failures, Movement & Balance to Learn Faster | Huberman Lab Podcast #7",8.0,https://www.youtube.com/watch?v=hx3U64IXFOY&list=UU2D2CMWXMOVWx7giW1n3LIg&index=130&pp=iAQB,"Using Failures, Movement & Balance to Learn Faster | Huberman Lab Podcast #7",hx3U64IXFOY,https://i.ytimg.com/vi/hx3U64IXFOY/hqdefault.jpg?sqp=-oaymwEcCNACELwBSFXyq4qpAw4IARUAAIhCGAFwAcABBg==&rs=AOn4CLCu_DfXdIjwc3n6A1rXPGTPLqK_EQ
8,Optimize Your Learning & Creativity with Science-based Tools | Huberman Lab Podcast #8,9.0,https://www.youtube.com/watch?v=uuP-1ioh4LY&list=UU2D2CMWXMOVWx7giW1n3LIg&index=129&pp=iAQB,Optimize Your Learning & Creativity with Science-based Tools | Huberman Lab Podcast #8,uuP-1ioh4LY,https://i.ytimg.com/vi/uuP-1ioh4LY/hqdefault.jpg?sqp=-oaymwEcCNACELwBSFXyq4qpAw4IARUAAIhCGAFwAcABBg==&rs=AOn4CLC5hFPRHuJhrws8E9uhpl0q1jaJsA
9,Control Pain & Heal Faster with Your Brain | Huberman Lab Podcast #9,10.0,https://www.youtube.com/watch?v=mcPSRWUYCv0&list=UU2D2CMWXMOVWx7giW1n3LIg&index=128&pp=iAQB,Control Pain & Heal Faster with Your Brain | Huberman Lab Podcast #9,mcPSRWUYCv0,https://i.ytimg.com/vi/mcPSRWUYCv0/hqdefault.jpg?sqp=-oaymwEcCNACELwBSFXyq4qpAw4IARUAAIhCGAFwAcABBg==&rs=AOn4CLBLfnEaAnW2tbAgo3m0YCK9KclafQ
10,Tools for Managing Stress & Anxiety | Huberman Lab Podcast #10,11.0,https://www.youtube.com/watch?v=ntfcfJ28eiU&list=UU2D2CMWXMOVWx7giW1n3LIg&index=127&pp=iAQB,Tools for Managing Stress & Anxiety | Huberman Lab Podcast #10,ntfcfJ28eiU,https://i.ytimg.com/vi/ntfcfJ28eiU/hqdefault.jpg?sqp=-oaymwEcCNACELwBSFXyq4qpAw4IARUAAIhCGAFwAcABBg==&rs=AOn4CLAkgXB8vIgPIgGz5A-m7YTGCDL_2Q
11,How Foods and Nutrients Control Our Moods | Huberman Lab Podcast #11,12.0,https://www.youtube.com/watch?v=XfURDjegrAw&list=UU2D2CMWXMOVWx7giW1n3LIg&index=126&pp=iAQB,How Foods and Nutrients Control Our Moods | Huberman Lab Podcast #11,XfURDjegrAw,https://i.ytimg.com/vi/XfURDjegrAw/hqdefault.jpg?sqp=-oaymwEcCNACELwBSFXyq4qpAw4IARUAAIhCGAFwAcABBg==&rs=AOn4CLDlZxlCbJ3MFqkpHb0R_Of4o5W2Og
12,How to Increase Motivation & Drive | Huberman Lab Podcast #12,13.0,https://www.youtube.com/watch?v=vA50EK70whE&list=UU2D2CMWXMOVWx7giW1n3LIg&index=125&pp=iAQB,How to Increase Motivation & Drive | Huberman Lab Podcast #12,vA50EK70whE,https://i.ytimg.com/vi/vA50EK70whE/hqdefault.jpg?sqp=-oaymwEcCNACELwBSFXyq4qpAw4IARUAAIhCGAFwAcABBg==&rs=AOn4CLC8EPAX-624q41l-4gCnz8dwd5xcQ
13,How to Control Stress in Real-Time | Huberman Lab Quantal Clip,14.0,https://www.youtube.com/watch?v=PZ-GvIOhcf8&list=UU2D2CMWXMOVWx7giW1n3LIg&index=124&pp=iAQB,How to Control Stress in Real-Time | Huberman Lab Quantal Clip,PZ-GvIOhcf8,https://i.ytimg.com/vi/PZ-GvIOhcf8/hqdefault.jpg?sqp=-oaymwEcCNACELwBSFXyq4qpAw4IARUAAIhCGAFwAcABBg==&rs=AOn4CLDqrdNRX_MZ_c1sAax9m4clkYzJhA
14,The Science of Emotions & Relationships | Huberman Lab Podcast #13,15.0,https://www.youtube.com/watch?v=hcuMLQVAgEg&list=UU2D2CMWXMOVWx7giW1n3LIg&index=123&pp=iAQB,The Science of Emotions & Relationships | Huberman Lab Podcast #13,hcuMLQVAgEg,https://i.ytimg.com/vi/hcuMLQVAgEg/hqdefault.jpg?sqp=-oaymwEcCNACELwBSFXyq4qpAw4IARUAAIhCGAFwAcABBg==&rs=AOn4CLA2HNWvvLoDOMH2WtXMxmFXYzHebQ
15,"Biological Influences On Sex, Sex Differences & Preferences | Huberman Lab Podcast #14",16.0,https://www.youtube.com/watch?v=J7SrAEacyf8&list=UU2D2CMWXMOVWx7giW1n3LIg&index=122&pp=iAQB,"Biological Influences On Sex, Sex Differences & Preferences | Huberman Lab Podcast #14",J7SrAEacyf8,https://i.ytimg.com/vi/J7SrAEacyf8/hqdefault.jpg?sqp=-oaymwEcCNACELwBSFXyq4qpAw4IARUAAIhCGAFwAcABBg==&rs=AOn4CLAMwdvHKAs3NKBXSxyrQKBF5tK6cQ
16,Reduce Anxiety & Stress with the Physiological Sigh | Huberman Lab Quantal Clip,17.0,https://www.youtube.com/watch?v=rBdhqBGqiMc&list=UU2D2CMWXMOVWx7giW1n3LIg&index=121&pp=iAQB,Reduce Anxiety & Stress with the Physiological Sigh | Huberman Lab Quantal Clip,rBdhqBGqiMc,https://i.ytimg.com/vi/rBdhqBGqiMc/hqdefault.jpg?sqp=-oaymwEcCNACELwBSFXyq4qpAw4IARUAAIhCGAFwAcABBg==&rs=AOn4CLDNusaVGCD2CemvxfBSa8FsBaTyXg
17,The Science of How to Optimize Testosterone & Estrogen | Huberman Lab Podcast #15,18.0,https://www.youtube.com/watch?v=qJXKhu5UZwk&list=UU2D2CMWXMOVWx7giW1n3LIg&index=120&pp=iAQB,The Science of How to Optimize Testosterone & Estrogen | Huberman Lab Podcast #15,qJXKhu5UZwk,https://i.ytimg.com/vi/qJXKhu5UZwk/hqdefault.jpg?sqp=-oaymwEcCNACELwBSFXyq4qpAw4IARUAAIhCGAFwAcABBg==&rs=AOn4CLBoiJeFn7uNH6Ywigxhn05Lue39xw
18,"How Our Hormones Control Our Hunger, Eating & Satiety | Huberman Lab Podcast #16",19.0,https://www.youtube.com/watch?v=17O5mgXZ9ZU&list=UU2D2CMWXMOVWx7giW1n3LIg&index=119&pp=iAQB,"How Our Hormones Control Our Hunger, Eating & Satiety | Huberman Lab Podcast #16",17O5mgXZ9ZU,https://i.ytimg.com/vi/17O5mgXZ9ZU/hqdefault.jpg?sqp=-oaymwEcCNACELwBSFXyq4qpAw4IARUAAIhCGAFwAcABBg==&rs=AOn4CLBIV2-evnibo-FUc5PPfZDi49Z_0w
19,How to Control Your Metabolism by Thyroid & Growth Hormone | Huberman Lab Podcast #17,20.0,https://www.youtube.com/watch?v=x7qbJeRxWGw&list=UU2D2CMWXMOVWx7giW1n3LIg&index=118&pp=iAQB,How to Control Your Metabolism by Thyroid & Growth Hormone | Huberman Lab Podcast #17,x7qbJeRxWGw,https://i.ytimg.com/vi/x7qbJeRxWGw/hqdefault.jpg?sqp=-oaymwEcCNACELwBSFXyq4qpAw4IARUAAIhCGAFwAcABBg==&rs=AOn4CLDjLT3QF4AfO-v2tNlQ6lcMOBlEpQ
20,Using Cortisol & Adrenaline to Boost Our Energy & Immune System Function | Huberman Lab Podcast #18,21.0,https://www.youtube.com/watch?v=JPX8g8ibKFc&list=UU2D2CMWXMOVWx7giW1n3LIg&index=117&pp=iAQB,Using Cortisol & Adrenaline to Boost Our Energy & Immune System Function | Huberman Lab Podcast #18,JPX8g8ibKFc,https://i.ytimg.com/vi/JPX8g8ibKFc/hqdefault.jpg?sqp=-oaymwEcCNACELwBSFXyq4qpAw4IARUAAIhCGAFwAcABBg==&rs=AOn4CLDlty4mYmGAkcR6PO3S7QvBB3emPQ
21,Supercharge Exercise Performance & Recovery with Cooling | Huberman Lab Podcast #19,22.0,https://www.youtube.com/watch?v=xaE9XyMMAHY&list=UU2D2CMWXMOVWx7giW1n3LIg&index=116&pp=iAQB,Supercharge Exercise Performance & Recovery with Cooling | Huberman Lab Podcast #19,xaE9XyMMAHY,https://i.ytimg.com/vi/xaE9XyMMAHY/hqdefault.jpg?sqp=-oaymwEcCNACELwBSFXyq4qpAw4IARUAAIhCGAFwAcABBg==&rs=AOn4CLB-OFKghrJNF_Cb8JjL__--waI6xA
22,How to Learn Skills Faster | Huberman Lab Podcast #20,23.0,https://www.youtube.com/watch?v=xJ0IBzCjEPk&list=UU2D2CMWXMOVWx7giW1n3LIg&index=115&pp=iAQB,How to Learn Skills Faster | Huberman Lab Podcast #20,xJ0IBzCjEPk,https://i.ytimg.com/vi/xJ0IBzCjEPk/hqdefault.jpg?sqp=-oaymwEcCNACELwBSFXyq4qpAw4IARUAAIhCGAFwAcABBg==&rs=AOn4CLDQrIeyNSxg2wsyBFo25264GL8NsA
23,How to Lose Fat with Science-Based Tools | Huberman Lab Podcast #21,24.0,https://www.youtube.com/watch?v=GqPGXG5TlZw&list=UU2D2CMWXMOVWx7giW1n3LIg&index=114&pp=iAQB,How to Lose Fat with Science-Based Tools | Huberman Lab Podcast #21,GqPGXG5TlZw,https://i.ytimg.com/vi/GqPGXG5TlZw/hqdefault.jpg?sqp=-oaymwEcCNACELwBSFXyq4qpAw4IARUAAIhCGAFwAcABBg==&rs=AOn4CLB_JdB_dNNa9wTKRcBrGxguNI0bYQ
24,"Science of Muscle Growth, Increasing Strength & Muscular Recovery | Huberman Lab Podcast #22",25.0,https://www.youtube.com/watch?v=XLr2RKoD-oY&list=UU2D2CMWXMOVWx7giW1n3LIg&index=113&pp=iAQB,"Science of Muscle Growth, Increasing Strength & Muscular Recovery | Huberman Lab Podcast #22",XLr2RKoD-oY,https://i.ytimg.com/vi/XLr2RKoD-oY/hqdefault.jpg?sqp=-oaymwEcCNACELwBSFXyq4qpAw4IARUAAIhCGAFwAcABBg==&rs=AOn4CLBR80AJ0ST8OyfLBFT6dwKLiXxvsg
25,How To Build Endurance In Your Brain & Body | Huberman Lab Podcast #23,26.0,https://www.youtube.com/watch?v=VQLU7gpk_X8&list=UU2D2CMWXMOVWx7giW1n3LIg&index=112&pp=iAQB,How To Build Endurance In Your Brain & Body | Huberman Lab Podcast #23,VQLU7gpk_X8,https://i.ytimg.com/vi/VQLU7gpk_X8/hqdefault.jpg?sqp=-oaymwEcCNACELwBSFXyq4qpAw4IARUAAIhCGAFwAcABBg==&rs=AOn4CLAfGPFwyFKYQPGmT807t-0QbxRQ2w
26,"The Science of Vision, Eye Health & Seeing Better | Huberman Lab Podcast #24",27.0,https://www.youtube.com/watch?v=ObtW353d5i0&list=UU2D2CMWXMOVWx7giW1n3LIg&index=111&pp=iAQB,"The Science of Vision, Eye Health & Seeing Better | Huberman Lab Podcast #24",ObtW353d5i0,https://i.ytimg.com/vi/ObtW353d5i0/hqdefault.jpg?sqp=-oaymwEcCNACELwBSFXyq4qpAw4IARUAAIhCGAFwAcABBg==&rs=AOn4CLDbimMnMUDtp6BAgDdkKTIiZsDWBA
27,"How Smell, Taste & Pheromone-Like Chemicals Control You | Huberman Lab Podcast #25",28.0,https://www.youtube.com/watch?v=Mwz8JprPeMc&list=UU2D2CMWXMOVWx7giW1n3LIg&index=110&pp=iAQB,"How Smell, Taste & Pheromone-Like Chemicals Control You | Huberman Lab Podcast #25",Mwz8JprPeMc,https://i.ytimg.com/vi/Mwz8JprPeMc/hqdefault.jpg?sqp=-oaymwEcCNACELwBSFXyq4qpAw4IARUAAIhCGAFwAcABBg==&rs=AOn4CLDMoA-8uynX8BPwlHV94L2ZzGHNmg
28,Dr. Karl Deisseroth: Understanding & Healing the Mind | Huberman Lab Podcast #26,29.0,https://www.youtube.com/watch?v=w9MXqXBZy9U&list=UU2D2CMWXMOVWx7giW1n3LIg&index=109&pp=iAQB,Dr. Karl Deisseroth: Understanding & Healing the Mind | Huberman Lab Podcast #26,w9MXqXBZy9U,https://i.ytimg.com/vi/w9MXqXBZy9U/hqdefault.jpg?sqp=-oaymwEcCNACELwBSFXyq4qpAw4IARUAAIhCGAFwAcABBg==&rs=AOn4CLAa9t5k2n2VDBcue94gIJFgIydhkg
29,"The Science of Hearing, Balance & Accelerated Learning | Huberman Lab Podcast #27",30.0,https://www.youtube.com/watch?v=JVRyzYB9JSY&list=UU2D2CMWXMOVWx7giW1n3LIg&index=108&pp=iAQB,"The Science of Hearing, Balance & Accelerated Learning | Huberman Lab Podcast #27",JVRyzYB9JSY,https://i.ytimg.com/vi/JVRyzYB9JSY/hqdefault.jpg?sqp=-oaymwEcCNACELwBSFXyq4qpAw4IARUAAIhCGAFwAcABBg==&rs=AOn4CLA5o2NTiJvEF6bquIfogx9Ht84uYA
30,"Maximizing Productivity, Physical & Mental Health with Daily Tools | Huberman Lab Podcast #28",31.0,https://www.youtube.com/watch?v=aXvDEmo6uS4&list=UU2D2CMWXMOVWx7giW1n3LIg&index=107&pp=iAQB,"Maximizing Productivity, Physical & Mental Health with Daily Tools | Huberman Lab Podcast #28",aXvDEmo6uS4,https://i.ytimg.com/vi/aXvDEmo6uS4/hqdefault.jpg?sqp=-oaymwEcCNACELwBSFXyq4qpAw4IARUAAIhCGAFwAcABBg==&rs=AOn4CLCv7u_NciqCRRGizni_5CFsOi3R0g
31,"Dr. Lex Fridman: Machines, Creativity & Love | Huberman Lab Podcast #29",32.0,https://www.youtube.com/watch?v=VRvn3Oj5r3E&list=UU2D2CMWXMOVWx7giW1n3LIg&index=106&pp=iAQB,"Dr. Lex Fridman: Machines, Creativity & Love | Huberman Lab Podcast #29",VRvn3Oj5r3E,https://i.ytimg.com/vi/VRvn3Oj5r3E/hqdefault.jpg?sqp=-oaymwEcCNACELwBSFXyq4qpAw4IARUAAIhCGAFwAcABBg==&rs=AOn4CLDrOovgFEKie6UUv7AtTSZTpYI-QQ
32,How to Optimize Your Brain-Body Function & Health | Huberman Lab Podcast #30,33.0,https://www.youtube.com/watch?v=rW9QKc-iFoY&list=UU2D2CMWXMOVWx7giW1n3LIg&index=105&pp=iAQB,How to Optimize Your Brain-Body Function & Health | Huberman Lab Podcast #30,rW9QKc-iFoY,https://i.ytimg.com/vi/rW9QKc-iFoY/hqdefault.jpg?sqp=-oaymwEcCNACELwBSFXyq4qpAw4IARUAAIhCGAFwAcABBg==&rs=AOn4CLB-DScu1fQdQ8BSsUYzhTt0axOlZw
33,Dr. Matthew Walker: The Science & Practice of Perfecting Your Sleep | Huberman Lab Podcast #31,34.0,https://www.youtube.com/watch?v=gbQFSMayJxk&list=UU2D2CMWXMOVWx7giW1n3LIg&index=104&pp=iAQB,Dr. Matthew Walker: The Science & Practice of Perfecting Your Sleep | Huberman Lab Podcast #31,gbQFSMayJxk,https://i.ytimg.com/vi/gbQFSMayJxk/hqdefault.jpg?sqp=-oaymwEcCNACELwBSFXyq4qpAw4IARUAAIhCGAFwAcABBg==&rs=AOn4CLBiYw8eEZbFyq7Kh6E4cRNLjN753w
34,How to Control Your Sense of Pain & Pleasure | Huberman Lab Podcast #32,35.0,https://www.youtube.com/watch?v=xmhsWAqP_0Y&list=UU2D2CMWXMOVWx7giW1n3LIg&index=103&pp=iAQB,How to Control Your Sense of Pain & Pleasure | Huberman Lab Podcast #32,xmhsWAqP_0Y,https://i.ytimg.com/vi/xmhsWAqP_0Y/hqdefault.jpg?sqp=-oaymwEcCNACELwBSFXyq4qpAw4IARUAAIhCGAFwAcABBg==&rs=AOn4CLAaV6QWI6pzeQXd4z0lmLwR-poKxg
35,Dr. Anna Lembke: Understanding & Treating Addiction | Huberman Lab Podcast #33,36.0,https://www.youtube.com/watch?v=p3JLaF_4Tz8&list=UU2D2CMWXMOVWx7giW1n3LIg&index=102&pp=iAQB,Dr. Anna Lembke: Understanding & Treating Addiction | Huberman Lab Podcast #33,p3JLaF_4Tz8,https://i.ytimg.com/vi/p3JLaF_4Tz8/hqdefault.jpg?sqp=-oaymwEcCNACELwBSFXyq4qpAw4IARUAAIhCGAFwAcABBg==&rs=AOn4CLAE6EvNq9YHCi4ivWWrcbscehGycQ
36,Understanding & Conquering Depression | Huberman Lab Podcast #34,37.0,https://www.youtube.com/watch?v=Xu1FMCxoEFc&list=UU2D2CMWXMOVWx7giW1n3LIg&index=101&pp=iAQB,Understanding & Conquering Depression | Huberman Lab Podcast #34,Xu1FMCxoEFc,https://i.ytimg.com/vi/Xu1FMCxoEFc/hqdefault.jpg?sqp=-oaymwEcCNACELwBSFXyq4qpAw4IARUAAIhCGAFwAcABBg==&rs=AOn4CLCEvtrvgr0AzMmh9h8Uj18j2cDL_A
37,"Dr. Robert Sapolsky: Science of Stress, Testosterone & Free Will | Huberman Lab Podcast #35",38.0,https://www.youtube.com/watch?v=DtmwtjOoSYU&list=UU2D2CMWXMOVWx7giW1n3LIg&index=100&pp=iAQB,"Dr. Robert Sapolsky: Science of Stress, Testosterone & Free Will | Huberman Lab Podcast #35",DtmwtjOoSYU,https://i.ytimg.com/vi/DtmwtjOoSYU/hqdefault.jpg?sqp=-oaymwEcCNACELwBSFXyq4qpAw4IARUAAIhCGAFwAcABBg==&rs=AOn4CLBjBSvPHIzkWKzN_bGG9xw7gl6zOw
38,"Healthy Eating & Eating Disorders - Anorexia, Bulimia, Binging | Huberman Lab Podcast #36",39.0,https://www.youtube.com/watch?v=2XGREPnlI8U&list=UU2D2CMWXMOVWx7giW1n3LIg&index=99&pp=iAQB,"Healthy Eating & Eating Disorders - Anorexia, Bulimia, Binging | Huberman Lab Podcast #36",2XGREPnlI8U,https://i.ytimg.com/vi/2XGREPnlI8U/hqdefault.jpg?sqp=-oaymwEcCNACELwBSFXyq4qpAw4IARUAAIhCGAFwAcABBg==&rs=AOn4CLDLPuOzvfFDHIiZUnlSm57uma4KhQ
39,ADHD & How Anyone Can Improve Their Focus | Huberman Lab Podcast #37,40.0,https://www.youtube.com/watch?v=hFL6qRIJZ_Y&list=UU2D2CMWXMOVWx7giW1n3LIg&index=98&pp=iAQB,ADHD & How Anyone Can Improve Their Focus | Huberman Lab Podcast #37,hFL6qRIJZ_Y,https://i.ytimg.com/vi/hFL6qRIJZ_Y/hqdefault.jpg?sqp=-oaymwEcCNACELwBSFXyq4qpAw4IARUAAIhCGAFwAcABBg==&rs=AOn4CLDMDt7KShQVOqF9guNvfEPmmyKQlA
40,Dr. Matthew Johnson: Psychedelics for Treating Mental Disorders | Huberman Lab Podcast #38,41.0,https://www.youtube.com/watch?v=GzvzWO0NU50&list=UU2D2CMWXMOVWx7giW1n3LIg&index=97&pp=iAQB,Dr. Matthew Johnson: Psychedelics for Treating Mental Disorders | Huberman Lab Podcast #38,GzvzWO0NU50,https://i.ytimg.com/vi/GzvzWO0NU50/hqdefault.jpg?sqp=-oaymwEcCNACELwBSFXyq4qpAw4IARUAAIhCGAFwAcABBg==&rs=AOn4CLAmOGjVxEYtUI4dGA1Kbnt68GlWWQ
41,"Controlling Your Dopamine For Motivation, Focus & Satisfaction | Huberman Lab Podcast #39",42.0,https://www.youtube.com/watch?v=QmOF0crdyRU&list=UU2D2CMWXMOVWx7giW1n3LIg&index=96&pp=iAQB,"Controlling Your Dopamine For Motivation, Focus & Satisfaction | Huberman Lab Podcast #39",QmOF0crdyRU,https://i.ytimg.com/vi/QmOF0crdyRU/hqdefault.jpg?sqp=-oaymwEcCNACELwBSFXyq4qpAw4IARUAAIhCGAFwAcABBg==&rs=AOn4CLDLch9amkiyzDmqQ5rYmDYELYZ8NQ
42,"Dr. Craig Heller: Using Temperature for Performance, Brain & Body Health | Huberman Lab Podcast #40",43.0,https://www.youtube.com/watch?v=77CdVSpnUX4&list=UU2D2CMWXMOVWx7giW1n3LIg&index=95&pp=iAQB,"Dr. Craig Heller: Using Temperature for Performance, Brain & Body Health | Huberman Lab Podcast #40",77CdVSpnUX4,https://i.ytimg.com/vi/77CdVSpnUX4/hqdefault.jpg?sqp=-oaymwEcCNACELwBSFXyq4qpAw4IARUAAIhCGAFwAcABBg==&rs=AOn4CLACJM0GDk38Ekj9UzGeTivNuRBDbQ
43,Effects of Fasting & Time Restricted Eating on Fat Loss & Health | Huberman Lab Podcast #41,44.0,https://www.youtube.com/watch?v=9tRohh0gErM&list=UU2D2CMWXMOVWx7giW1n3LIg&index=94&pp=iAQB,Effects of Fasting & Time Restricted Eating on Fat Loss & Health | Huberman Lab Podcast #41,9tRohh0gErM,https://i.ytimg.com/vi/9tRohh0gErM/hqdefault.jpg?sqp=-oaymwEcCNACELwBSFXyq4qpAw4IARUAAIhCGAFwAcABBg==&rs=AOn4CLDt6GKulWtAqlY3rj3GgROd1sZXQQ
44,Nutrients For Brain Health & Performance | Huberman Lab Podcast #42,45.0,https://www.youtube.com/watch?v=E7W4OQfJWdw&list=UU2D2CMWXMOVWx7giW1n3LIg&index=93&pp=iAQB,Nutrients For Brain Health & Performance | Huberman Lab Podcast #42,E7W4OQfJWdw,https://i.ytimg.com/vi/E7W4OQfJWdw/hqdefault.jpg?sqp=-oaymwEcCNACELwBSFXyq4qpAw4IARUAAIhCGAFwAcABBg==&rs=AOn4CLA3l_yFJU2QWYak_dnSTha4dVvSvw
45,"Dr. Samer Hattar: Timing Light, Food, & Exercise for Better Sleep, Energy & Mood | Huberman Lab #43",46.0,https://www.youtube.com/watch?v=oUu3f0ETMJQ&list=UU2D2CMWXMOVWx7giW1n3LIg&index=92&pp=iAQB,"Dr. Samer Hattar: Timing Light, Food, & Exercise for Better Sleep, Energy & Mood | Huberman Lab #43",oUu3f0ETMJQ,https://i.ytimg.com/vi/oUu3f0ETMJQ/hqdefault.jpg?sqp=-oaymwEcCNACELwBSFXyq4qpAw4IARUAAIhCGAFwAcABBg==&rs=AOn4CLDHIvFMMLycz-gRcauOXFdX4ZyAnA
46,Using Your Nervous System to Enhance Your Immune System | Huberman Lab Podcast #44,47.0,https://www.youtube.com/watch?v=poOf8b2WE2g&list=UU2D2CMWXMOVWx7giW1n3LIg&index=91&pp=iAQB,Using Your Nervous System to Enhance Your Immune System | Huberman Lab Podcast #44,poOf8b2WE2g,https://i.ytimg.com/vi/poOf8b2WE2g/hqdefault.jpg?sqp=-oaymwEcCNACELwBSFXyq4qpAw4IARUAAIhCGAFwAcABBg==&rs=AOn4CLAjxalmtxNhmFVvcF5NFhTv2Nhh7A
47,Dr. Duncan French: How to Exercise for Strength Gains & Hormone Optimization | Huberman Lab #45,48.0,https://www.youtube.com/watch?v=iMvtHqLmEkI&list=UU2D2CMWXMOVWx7giW1n3LIg&index=90&pp=iAQB,Dr. Duncan French: How to Exercise for Strength Gains & Hormone Optimization | Huberman Lab #45,iMvtHqLmEkI,https://i.ytimg.com/vi/iMvtHqLmEkI/hqdefault.jpg?sqp=-oaymwEcCNACELwBSFXyq4qpAw4IARUAAIhCGAFwAcABBg==&rs=AOn4CLCzafCtKPIDVSlmMjcG5-m4FH5LJQ
48,"Time Perception & Entrainment by Dopamine, Serotonin & Hormones | Huberman Lab Podcast #46",49.0,https://www.youtube.com/watch?v=8IWDAqodDas&list=UU2D2CMWXMOVWx7giW1n3LIg&index=89&pp=iAQB,"Time Perception & Entrainment by Dopamine, Serotonin & Hormones | Huberman Lab Podcast #46",8IWDAqodDas,https://i.ytimg.com/vi/8IWDAqodDas/hqdefault.jpg?sqp=-oaymwEcCNACELwBSFXyq4qpAw4IARUAAIhCGAFwAcABBg==&rs=AOn4CLDXLgL1OexDYV32GQ9XzJQK9qGgqQ
49,The Science of Gratitude & How to Build a Gratitude Practice | Huberman Lab Podcast #47,50.0,https://www.youtube.com/watch?v=KVjfFN89qvQ&list=UU2D2CMWXMOVWx7giW1n3LIg&index=88&pp=iAQB,The Science of Gratitude & How to Build a Gratitude Practice | Huberman Lab Podcast #47,KVjfFN89qvQ,https://i.ytimg.com/vi/KVjfFN89qvQ/hqdefault.jpg?sqp=-oaymwEcCNACELwBSFXyq4qpAw4IARUAAIhCGAFwAcABBg==&rs=AOn4CLD4m9nI1X9Yc7arcF385cRkrJvB8w
50,Dr. David Buss: How Humans Select & Keep Romantic Partners in Short & Long Term | Huberman Lab  #48,51.0,https://www.youtube.com/watch?v=HXzTbCEqCJc&list=UU2D2CMWXMOVWx7giW1n3LIg&index=87&pp=iAQB,Dr. David Buss: How Humans Select & Keep Romantic Partners in Short & Long Term | Huberman Lab  #48,HXzTbCEqCJc,https://i.ytimg.com/vi/HXzTbCEqCJc/hqdefault.jpg?sqp=-oaymwEcCNACELwBSFXyq4qpAw4IARUAAIhCGAFwAcABBg==&rs=AOn4CLAfUR0VNyIWyG8CHuj4eMRQXNbl1g
51,Erasing Fears & Traumas Based on the Modern Neuroscience of Fear | Huberman Lab Podcast #49,52.0,https://www.youtube.com/watch?v=31wjVhCcI5Y&list=UU2D2CMWXMOVWx7giW1n3LIg&index=86&pp=iAQB,Erasing Fears & Traumas Based on the Modern Neuroscience of Fear | Huberman Lab Podcast #49,31wjVhCcI5Y,https://i.ytimg.com/vi/31wjVhCcI5Y/hqdefault.jpg?sqp=-oaymwEcCNACELwBSFXyq4qpAw4IARUAAIhCGAFwAcABBg==&rs=AOn4CLCX96Jh62B3IXuSjW-6_D7d86ausQ
52,Dr. David Berson: Your Brain's Logic & Function | Huberman Lab Podcast #50,53.0,https://www.youtube.com/watch?v=oC3fhUjg30E&list=UU2D2CMWXMOVWx7giW1n3LIg&index=85&pp=iAQB,Dr. David Berson: Your Brain's Logic & Function | Huberman Lab Podcast #50,oC3fhUjg30E,https://i.ytimg.com/vi/oC3fhUjg30E/hqdefault.jpg?sqp=-oaymwEcCNACELwBSFXyq4qpAw4IARUAAIhCGAFwAcABBg==&rs=AOn4CLBLGHxZfZm45nP-kf7Y7aDupvOQbQ
53,"Science of Social Bonding in Family, Friendship & Romantic Love | Huberman Lab Podcast #51",54.0,https://www.youtube.com/watch?v=RgAcOqVRfYA&list=UU2D2CMWXMOVWx7giW1n3LIg&index=84&pp=iAQB,"Science of Social Bonding in Family, Friendship & Romantic Love | Huberman Lab Podcast #51",RgAcOqVRfYA,https://i.ytimg.com/vi/RgAcOqVRfYA/hqdefault.jpg?sqp=-oaymwEcCNACELwBSFXyq4qpAw4IARUAAIhCGAFwAcABBg==&rs=AOn4CLAg6dn0fDIM-836SR8NEqACx45thA
54,Dr. David Sinclair: The Biology of Slowing & Reversing Aging | Huberman Lab Podcast #52,55.0,https://www.youtube.com/watch?v=n9IxomBusuw&list=UU2D2CMWXMOVWx7giW1n3LIg&index=83&pp=iAQB,Dr. David Sinclair: The Biology of Slowing & Reversing Aging | Huberman Lab Podcast #52,n9IxomBusuw,https://i.ytimg.com/vi/n9IxomBusuw/hqdefault.jpg?sqp=-oaymwEcCNACELwBSFXyq4qpAw4IARUAAIhCGAFwAcABBg==&rs=AOn4CLC_H41MzWKoiBQAOU3ce36usUZ4CQ
55,The Science of Making & Breaking Habits | Huberman Lab Podcast #53,56.0,https://www.youtube.com/watch?v=Wcs2PFz5q6g&list=UU2D2CMWXMOVWx7giW1n3LIg&index=82&pp=iAQB,The Science of Making & Breaking Habits | Huberman Lab Podcast #53,Wcs2PFz5q6g,https://i.ytimg.com/vi/Wcs2PFz5q6g/hqdefault.jpg?sqp=-oaymwEcCNACELwBSFXyq4qpAw4IARUAAIhCGAFwAcABBg==&rs=AOn4CLCI6VzVYhXE7oEqovx243YButHY7Q
56,Dr. Jack Feldman: Breathing for Mental & Physical Health & Performance | Huberman Lab Podcast #54,57.0,https://www.youtube.com/watch?v=GLgKkG44MGo&list=UU2D2CMWXMOVWx7giW1n3LIg&index=81&pp=iAQB,Dr. Jack Feldman: Breathing for Mental & Physical Health & Performance | Huberman Lab Podcast #54,GLgKkG44MGo,https://i.ytimg.com/vi/GLgKkG44MGo/hqdefault.jpg?sqp=-oaymwEcCNACELwBSFXyq4qpAw4IARUAAIhCGAFwAcABBg==&rs=AOn4CLAse3QSiRzyALP4SV7Qwt2_4zykKg
57,The Science of Setting & Achieving Goals | Huberman Lab Podcast #55,58.0,https://www.youtube.com/watch?v=t1F7EEGPQwo&list=UU2D2CMWXMOVWx7giW1n3LIg&index=80&pp=iAQB,The Science of Setting & Achieving Goals | Huberman Lab Podcast #55,t1F7EEGPQwo,https://i.ytimg.com/vi/t1F7EEGPQwo/hqdefault.jpg?sqp=-oaymwEcCNACELwBSFXyq4qpAw4IARUAAIhCGAFwAcABBg==&rs=AOn4CLCrm7O-Od3fqV3dDTMcqoQqE_p8kA
58,Dr. Alia Crum: Science of Mindsets for Health & Performance | Huberman Lab Podcast #56,59.0,https://www.youtube.com/watch?v=dFR_wFN23ZY&list=UU2D2CMWXMOVWx7giW1n3LIg&index=79&pp=iAQB,Dr. Alia Crum: Science of Mindsets for Health & Performance | Huberman Lab Podcast #56,dFR_wFN23ZY,https://i.ytimg.com/vi/dFR_wFN23ZY/hqdefault.jpg?sqp=-oaymwEcCNACELwBSFXyq4qpAw4IARUAAIhCGAFwAcABBg==&rs=AOn4CLBMfZk8vPQNAs2phHAkmvj-7KxERQ
59,"Optimizing Workspace for Productivity, Focus, & Creativity | Huberman Lab Podcast #57",60.0,https://www.youtube.com/watch?v=Ze2pc6NwsHQ&list=UU2D2CMWXMOVWx7giW1n3LIg&index=78&pp=iAQB,"Optimizing Workspace for Productivity, Focus, & Creativity | Huberman Lab Podcast #57",Ze2pc6NwsHQ,https://i.ytimg.com/vi/Ze2pc6NwsHQ/hqdefault.jpg?sqp=-oaymwEcCNACELwBSFXyq4qpAw4IARUAAIhCGAFwAcABBg==&rs=AOn4CLCKJVsuk8oP7Dy7OMbHABmwpoSa9A
60,Using Play to Rewire & Improve Your Brain | Huberman Lab Podcast #58,61.0,https://www.youtube.com/watch?v=BwyZIWeBpRw&list=UU2D2CMWXMOVWx7giW1n3LIg&index=77&pp=iAQB,Using Play to Rewire & Improve Your Brain | Huberman Lab Podcast #58,BwyZIWeBpRw,https://i.ytimg.com/vi/BwyZIWeBpRw/hqdefault.jpg?sqp=-oaymwEcCNACELwBSFXyq4qpAw4IARUAAIhCGAFwAcABBg==&rs=AOn4CLBysr3U7ESC_BCReZsTA21omEMwwQ
61,"The Science of Love, Desire and Attachment | Huberman Lab Podcast #59",62.0,https://www.youtube.com/watch?v=gMRph_BvHB4&list=UU2D2CMWXMOVWx7giW1n3LIg&index=76&pp=iAQB,"The Science of Love, Desire and Attachment | Huberman Lab Podcast #59",gMRph_BvHB4,https://i.ytimg.com/vi/gMRph_BvHB4/hqdefault.jpg?sqp=-oaymwEcCNACELwBSFXyq4qpAw4IARUAAIhCGAFwAcABBg==&rs=AOn4CLAbmiLcMLc7cTBntbMVdlsy2t6F1w
62,Dr. David Spiegel: Using Hypnosis to Enhance Health & Performance | Huberman Lab Podcast #60,63.0,https://www.youtube.com/watch?v=PctD-ki8dCc&list=UU2D2CMWXMOVWx7giW1n3LIg&index=75&pp=iAQB,Dr. David Spiegel: Using Hypnosis to Enhance Health & Performance | Huberman Lab Podcast #60,PctD-ki8dCc,https://i.ytimg.com/vi/PctD-ki8dCc/hqdefault.jpg?sqp=-oaymwEcCNACELwBSFXyq4qpAw4IARUAAIhCGAFwAcABBg==&rs=AOn4CLAnwpbcR_6ADdFqE2Z3oCWAO76NbQ
63,How to Enhance Your Gut Microbiome for Brain & Overall Health | Huberman Lab Podcast #61,64.0,https://www.youtube.com/watch?v=15R2pMqU2ok&list=UU2D2CMWXMOVWx7giW1n3LIg&index=74&pp=iAQB,How to Enhance Your Gut Microbiome for Brain & Overall Health | Huberman Lab Podcast #61,15R2pMqU2ok,https://i.ytimg.com/vi/15R2pMqU2ok/hqdefault.jpg?sqp=-oaymwEcCNACELwBSFXyq4qpAw4IARUAAIhCGAFwAcABBg==&rs=AOn4CLBnxnZLUvRE_yjhTYnezZaC7UuCrQ
64,"Dr. Justin Sonnenburg: How to Build, Maintain & Repair Gut Health | Huberman Lab Podcast #62",65.0,https://www.youtube.com/watch?v=ouCWNRvPk20&list=UU2D2CMWXMOVWx7giW1n3LIg&index=73&pp=iAQB,"Dr. Justin Sonnenburg: How to Build, Maintain & Repair Gut Health | Huberman Lab Podcast #62",ouCWNRvPk20,https://i.ytimg.com/vi/ouCWNRvPk20/hqdefault.jpg?sqp=-oaymwEcCNACELwBSFXyq4qpAw4IARUAAIhCGAFwAcABBg==&rs=AOn4CLCBhFZkXDCSOP8kaVkm3qod_GT5UA
65,Using Salt to Optimize Mental & Physical Performance | Huberman Lab Podcast #63,66.0,https://www.youtube.com/watch?v=azb3Ih68awQ&list=UU2D2CMWXMOVWx7giW1n3LIg&index=72&pp=iAQB,Using Salt to Optimize Mental & Physical Performance | Huberman Lab Podcast #63,azb3Ih68awQ,https://i.ytimg.com/vi/azb3Ih68awQ/hqdefault.jpg?sqp=-oaymwEcCNACELwBSFXyq4qpAw4IARUAAIhCGAFwAcABBg==&rs=AOn4CLBBqTKeYaltNsZj2OVPJreYLRNWFA
66,Controlling Sugar Cravings & Metabolism with Science-Based Tools | Huberman Lab Podcast #64,67.0,https://www.youtube.com/watch?v=VAEzZeaV5zM&list=UU2D2CMWXMOVWx7giW1n3LIg&index=71&pp=iAQB,Controlling Sugar Cravings & Metabolism with Science-Based Tools | Huberman Lab Podcast #64,VAEzZeaV5zM,https://i.ytimg.com/vi/VAEzZeaV5zM/hqdefault.jpg?sqp=-oaymwEcCNACELwBSFXyq4qpAw4IARUAAIhCGAFwAcABBg==&rs=AOn4CLC0pPaCiG2ulMFs68f1reQkjIwZIg
67,"Dr. Andy Galpin: How to Build Strength, Muscle Size & Endurance | Huberman Lab Podcast #65",68.0,https://www.youtube.com/watch?v=IAnhFUUCq6c&list=UU2D2CMWXMOVWx7giW1n3LIg&index=70&pp=iAQB,"Dr. Andy Galpin: How to Build Strength, Muscle Size & Endurance | Huberman Lab Podcast #65",IAnhFUUCq6c,https://i.ytimg.com/vi/IAnhFUUCq6c/hqdefault.jpg?sqp=-oaymwEcCNACELwBSFXyq4qpAw4IARUAAIhCGAFwAcABBg==&rs=AOn4CLDkpb1Eqx-6dDD8T76RwmXWLdukzw
68,Using Deliberate Cold Exposure for Health and Performance | Huberman Lab Podcast #66,69.0,https://www.youtube.com/watch?v=pq6WHJzOkno&list=UU2D2CMWXMOVWx7giW1n3LIg&index=69&pp=iAQB,Using Deliberate Cold Exposure for Health and Performance | Huberman Lab Podcast #66,pq6WHJzOkno,https://i.ytimg.com/vi/pq6WHJzOkno/hqdefault.jpg?sqp=-oaymwEcCNACELwBSFXyq4qpAw4IARUAAIhCGAFwAcABBg==&rs=AOn4CLCXYcEN9ydu2_uwO_X1PmGvDjP0aw
69,Dr. Kyle Gillett: How to Optimize Your Hormones for Health & Vitality | Huberman Lab Podcast #67,70.0,https://www.youtube.com/watch?v=ncSoor2Iw8k&list=UU2D2CMWXMOVWx7giW1n3LIg&index=68&pp=iAQB,Dr. Kyle Gillett: How to Optimize Your Hormones for Health & Vitality | Huberman Lab Podcast #67,ncSoor2Iw8k,https://i.ytimg.com/vi/ncSoor2Iw8k/hqdefault.jpg?sqp=-oaymwEcCNACELwBSFXyq4qpAw4IARUAAIhCGAFwAcABBg==&rs=AOn4CLA6GsSSFj0glwoH2yMMEwFVJ0XpTQ
70,"Using Light (Sunlight, Blue Light & Red Light) to Optimize Health | Huberman Lab Podcast #68",71.0,https://www.youtube.com/watch?v=UF0nqolsNZc&list=UU2D2CMWXMOVWx7giW1n3LIg&index=67&pp=iAQB,"Using Light (Sunlight, Blue Light & Red Light) to Optimize Health | Huberman Lab Podcast #68",UF0nqolsNZc,https://i.ytimg.com/vi/UF0nqolsNZc/hqdefault.jpg?sqp=-oaymwEcCNACELwBSFXyq4qpAw4IARUAAIhCGAFwAcABBg==&rs=AOn4CLBJ4zbEGSGs2XgrxEp4FSfN2azyew
71,The Science & Health Benefits of Deliberate Heat Exposure | Huberman Lab Podcast #69,72.0,https://www.youtube.com/watch?v=EQ3GjpGq5Y8&list=UU2D2CMWXMOVWx7giW1n3LIg&index=66&pp=iAQB,The Science & Health Benefits of Deliberate Heat Exposure | Huberman Lab Podcast #69,EQ3GjpGq5Y8,https://i.ytimg.com/vi/EQ3GjpGq5Y8/hqdefault.jpg?sqp=-oaymwEcCNACELwBSFXyq4qpAw4IARUAAIhCGAFwAcABBg==&rs=AOn4CLAmcJHgXrHWCtCzN3Y2WmcFr7rLBA
72,Dr. Rhonda Patrick: Micronutrients for Health & Longevity | Huberman Lab Podcast #70,73.0,https://www.youtube.com/watch?v=XcvhERcZpWw&list=UU2D2CMWXMOVWx7giW1n3LIg&index=65&pp=iAQB,Dr. Rhonda Patrick: Micronutrients for Health & Longevity | Huberman Lab Podcast #70,XcvhERcZpWw,https://i.ytimg.com/vi/XcvhERcZpWw/hqdefault.jpg?sqp=-oaymwEcCNACELwBSFXyq4qpAw4IARUAAIhCGAFwAcABBg==&rs=AOn4CLDxK9xOIWg25G6DaEEnxBfUUNmr8w
73,Understanding & Controlling Aggression | Huberman Lab Podcast #71,74.0,https://www.youtube.com/watch?v=RBK5KLA5Jjg&list=UU2D2CMWXMOVWx7giW1n3LIg&index=64&pp=iAQB,Understanding & Controlling Aggression | Huberman Lab Podcast #71,RBK5KLA5Jjg,https://i.ytimg.com/vi/RBK5KLA5Jjg/hqdefault.jpg?sqp=-oaymwEcCNACELwBSFXyq4qpAw4IARUAAIhCGAFwAcABBg==&rs=AOn4CLD-Q5VflaLn_LI-LfqJynL-Ty1RRA
74,Understand & Improve Memory Using Science-Based Tools | Huberman Lab Podcast #72,75.0,https://www.youtube.com/watch?v=szqPAPKE5tQ&list=UU2D2CMWXMOVWx7giW1n3LIg&index=63&pp=iAQB,Understand & Improve Memory Using Science-Based Tools | Huberman Lab Podcast #72,szqPAPKE5tQ,https://i.ytimg.com/vi/szqPAPKE5tQ/hqdefault.jpg?sqp=-oaymwEcCNACELwBSFXyq4qpAw4IARUAAIhCGAFwAcABBg==&rs=AOn4CLCOgwU4EQRc6y0cgPqoBAGqu12CGQ
75,Dr. Wendy Suzuki: Boost Attention & Memory with Science-Based Tools | Huberman Lab Podcast #73,76.0,https://www.youtube.com/watch?v=099hgtRoUZw&list=UU2D2CMWXMOVWx7giW1n3LIg&index=62&pp=iAQB,Dr. Wendy Suzuki: Boost Attention & Memory with Science-Based Tools | Huberman Lab Podcast #73,099hgtRoUZw,https://i.ytimg.com/vi/099hgtRoUZw/hqdefault.jpg?sqp=-oaymwEcCNACELwBSFXyq4qpAw4IARUAAIhCGAFwAcABBg==&rs=AOn4CLCHFNc6AhY9hhgYivOJAyxxc5DIKA
76,The Science & Process of Healing from Grief | Huberman Lab Podcast #74,77.0,https://www.youtube.com/watch?v=dzOvi0Aa2EA&list=UU2D2CMWXMOVWx7giW1n3LIg&index=61&pp=iAQB,The Science & Process of Healing from Grief | Huberman Lab Podcast #74,dzOvi0Aa2EA,https://i.ytimg.com/vi/dzOvi0Aa2EA/hqdefault.jpg?sqp=-oaymwEcCNACELwBSFXyq4qpAw4IARUAAIhCGAFwAcABBg==&rs=AOn4CLDUtVnhfX-goaZZ5054NnCwKgKz7A
77,"Dr. Paul Conti: Therapy, Treating Trauma & Other Life Challenges | Huberman Lab Podcast #75",78.0,https://www.youtube.com/watch?v=IOl28gj_RXw&list=UU2D2CMWXMOVWx7giW1n3LIg&index=60&pp=iAQB,"Dr. Paul Conti: Therapy, Treating Trauma & Other Life Challenges | Huberman Lab Podcast #75",IOl28gj_RXw,https://i.ytimg.com/vi/IOl28gj_RXw/hqdefault.jpg?sqp=-oaymwEcCNACELwBSFXyq4qpAw4IARUAAIhCGAFwAcABBg==&rs=AOn4CLD8yRswc2DR4HHlLxVMifbkzZuJPA
78,Improve Flexibility with Research-Supported Stretching Protocols | Huberman Lab Podcast #76,79.0,https://www.youtube.com/watch?v=tkH2-_jMCSk&list=UU2D2CMWXMOVWx7giW1n3LIg&index=59&pp=iAQB,Improve Flexibility with Research-Supported Stretching Protocols | Huberman Lab Podcast #76,tkH2-_jMCSk,https://i.ytimg.com/vi/tkH2-_jMCSk/hqdefault.jpg?sqp=-oaymwEcCNACELwBSFXyq4qpAw4IARUAAIhCGAFwAcABBg==&rs=AOn4CLAEptwZbvUI6QtLQSv6poE-EvpUXw
79,Ido Portal: The Science & Practice of Movement | Huberman Lab Podcast #77,80.0,https://www.youtube.com/watch?v=a9yFKPmPZ90&list=UU2D2CMWXMOVWx7giW1n3LIg&index=58&pp=iAQB,Ido Portal: The Science & Practice of Movement | Huberman Lab Podcast #77,a9yFKPmPZ90,https://i.ytimg.com/vi/a9yFKPmPZ90/hqdefault.jpg?sqp=-oaymwEcCNACELwBSFXyq4qpAw4IARUAAIhCGAFwAcABBg==&rs=AOn4CLBMz1-mmDgZ0DAh5byCrphhkmKHsA
80,The Science & Treatment of Obsessive Compulsive Disorder (OCD) | Huberman Lab Podcast #78,81.0,https://www.youtube.com/watch?v=OadokY8fcAA&list=UU2D2CMWXMOVWx7giW1n3LIg&index=57&pp=iAQB,The Science & Treatment of Obsessive Compulsive Disorder (OCD) | Huberman Lab Podcast #78,OadokY8fcAA,https://i.ytimg.com/vi/OadokY8fcAA/hqdefault.jpg?sqp=-oaymwEcCNACELwBSFXyq4qpAw4IARUAAIhCGAFwAcABBg==&rs=AOn4CLDqcp2zlwgPmA9uH7qGFcU6xWmGsQ
81,Jeff Cavaliere: Optimize Your Exercise Program with Science-Based Tools | Huberman Lab Podcast #79,82.0,https://www.youtube.com/watch?v=UNCwdFxPtE8&list=UU2D2CMWXMOVWx7giW1n3LIg&index=56&pp=iAQB,Jeff Cavaliere: Optimize Your Exercise Program with Science-Based Tools | Huberman Lab Podcast #79,UNCwdFxPtE8,https://i.ytimg.com/vi/UNCwdFxPtE8/hqdefault.jpg?sqp=-oaymwEcCNACELwBSFXyq4qpAw4IARUAAIhCGAFwAcABBg==&rs=AOn4CLDxGAecHenxO3NYbBvKUNFlucmXeQ
82,Optimize & Control Your Brain Chemistry to Improve Health & Performance | Huberman Lab Podcast #80,83.0,https://www.youtube.com/watch?v=T65RDBiB5Hs&list=UU2D2CMWXMOVWx7giW1n3LIg&index=55&pp=iAQB,Optimize & Control Your Brain Chemistry to Improve Health & Performance | Huberman Lab Podcast #80,T65RDBiB5Hs,https://i.ytimg.com/vi/T65RDBiB5Hs/hqdefault.jpg?sqp=-oaymwEcCNACELwBSFXyq4qpAw4IARUAAIhCGAFwAcABBg==&rs=AOn4CLArxKZkn18LijL822rx8J-wvhc5_w
83,Dr. Charles Zuker: The Biology of Taste Perception & Sugar Craving | Huberman Lab Podcast #81,84.0,https://www.youtube.com/watch?v=UChhXiFPRgg&list=UU2D2CMWXMOVWx7giW1n3LIg&index=54&pp=iAQB,Dr. Charles Zuker: The Biology of Taste Perception & Sugar Craving | Huberman Lab Podcast #81,UChhXiFPRgg,https://i.ytimg.com/vi/UChhXiFPRgg/hqdefault.jpg?sqp=-oaymwEcCNACELwBSFXyq4qpAw4IARUAAIhCGAFwAcABBg==&rs=AOn4CLDBmc015fzkqBzEzsRJQhXvDTMHOA
84,The Science & Treatment of Bipolar Disorder | Huberman Lab Podcast #82,85.0,https://www.youtube.com/watch?v=m_OazsImOiI&list=UU2D2CMWXMOVWx7giW1n3LIg&index=53&pp=iAQB,The Science & Treatment of Bipolar Disorder | Huberman Lab Podcast #82,m_OazsImOiI,https://i.ytimg.com/vi/m_OazsImOiI/hqdefault.jpg?sqp=-oaymwEcCNACELwBSFXyq4qpAw4IARUAAIhCGAFwAcABBg==&rs=AOn4CLCWjqToq8j2lhcWFIQvgweZFXHb2A
85,Dr. Emily Balcetis: Tools for Setting & Achieving Goals | Huberman Lab Podcast #83,86.0,https://www.youtube.com/watch?v=7YGZZcXqKxE&list=UU2D2CMWXMOVWx7giW1n3LIg&index=52&pp=iAQB,Dr. Emily Balcetis: Tools for Setting & Achieving Goals | Huberman Lab Podcast #83,7YGZZcXqKxE,https://i.ytimg.com/vi/7YGZZcXqKxE/hqdefault.jpg?sqp=-oaymwEcCNACELwBSFXyq4qpAw4IARUAAIhCGAFwAcABBg==&rs=AOn4CLCk_PTV7N5P0ooiV0STG8hhVZhBqw
86,Sleep Toolkit: Tools for Optimizing Sleep & Sleep-Wake Timing | Huberman Lab Podcast #84,87.0,https://www.youtube.com/watch?v=h2aWYjSA1Jc&list=UU2D2CMWXMOVWx7giW1n3LIg&index=51&pp=iAQB,Sleep Toolkit: Tools for Optimizing Sleep & Sleep-Wake Timing | Huberman Lab Podcast #84,h2aWYjSA1Jc,https://i.ytimg.com/vi/h2aWYjSA1Jc/hqdefault.jpg?sqp=-oaymwEcCNACELwBSFXyq4qpAw4IARUAAIhCGAFwAcABBg==&rs=AOn4CLB8ZXICBWQZRw2q5R8YN2e7sV4FFQ
87,"Dr. Peter Attia: Exercise, Nutrition, Hormones for Vitality & Longevity | Huberman Lab Podcast #85",88.0,https://www.youtube.com/watch?v=DTCmprPCDqc&list=UU2D2CMWXMOVWx7giW1n3LIg&index=50&pp=iAQB,"Dr. Peter Attia: Exercise, Nutrition, Hormones for Vitality & Longevity | Huberman Lab Podcast #85",DTCmprPCDqc,https://i.ytimg.com/vi/DTCmprPCDqc/hqdefault.jpg?sqp=-oaymwEcCNACELwBSFXyq4qpAw4IARUAAIhCGAFwAcABBg==&rs=AOn4CLAEXCetq3ZKxRLGdSM6yZJbJODGbA
88,"LIVE EVENT Q&A: Dr. Andrew Huberman Question & Answer in Seattle, WA",89.0,https://www.youtube.com/watch?v=2Ds1m5gflCI&list=UU2D2CMWXMOVWx7giW1n3LIg&index=49&pp=iAQB,"LIVE EVENT Q&A: Dr. Andrew Huberman Question & Answer in Seattle, WA",2Ds1m5gflCI,https://i.ytimg.com/vi/2Ds1m5gflCI/hqdefault.jpg?sqp=-oaymwEcCNACELwBSFXyq4qpAw4IARUAAIhCGAFwAcABBg==&rs=AOn4CLBN-N7qcWxEXcn-XmRZryPvr0RCgQ
89,"What Alcohol Does to Your Body, Brain & Health | Huberman Lab Podcast #86",90.0,https://www.youtube.com/watch?v=DkS1pkKpILY&list=UU2D2CMWXMOVWx7giW1n3LIg&index=48&pp=iAQB,"What Alcohol Does to Your Body, Brain & Health | Huberman Lab Podcast #86",DkS1pkKpILY,https://i.ytimg.com/vi/DkS1pkKpILY/hqdefault.jpg?sqp=-oaymwEcCNACELwBSFXyq4qpAw4IARUAAIhCGAFwAcABBg==&rs=AOn4CLB6VVW1Fa1wY3rXL6eX8pt3xrRS0Q
90,"Dr. Erich Jarvis: The Neuroscience of Speech, Language & Music | Huberman Lab Podcast #87",91.0,https://www.youtube.com/watch?v=LVxL_p_kToc&list=UU2D2CMWXMOVWx7giW1n3LIg&index=47&pp=iAQB,"Dr. Erich Jarvis: The Neuroscience of Speech, Language & Music | Huberman Lab Podcast #87",LVxL_p_kToc,https://i.ytimg.com/vi/LVxL_p_kToc/hqdefault.jpg?sqp=-oaymwEcCNACELwBSFXyq4qpAw4IARUAAIhCGAFwAcABBg==&rs=AOn4CLDylnRhHwxJS4auZ2OiOUjqsZig7g
91,"LIVE EVENT Q&A: Dr. Andrew Huberman Question & Answer in Portland, OR",92.0,https://www.youtube.com/watch?v=3_auLYOilb8&list=UU2D2CMWXMOVWx7giW1n3LIg&index=46&pp=iAQB,"LIVE EVENT Q&A: Dr. Andrew Huberman Question & Answer in Portland, OR",3_auLYOilb8,https://i.ytimg.com/vi/3_auLYOilb8/hqdefault.jpg?sqp=-oaymwEcCNACELwBSFXyq4qpAw4IARUAAIhCGAFwAcABBg==&rs=AOn4CLCTqIeyofBrEynXEmh45RblOuyFlQ
92,Focus Toolkit: Tools to Improve Your Focus & Concentration | Huberman Lab Podcast #88,93.0,https://www.youtube.com/watch?v=yb5zpo5WDG4&list=UU2D2CMWXMOVWx7giW1n3LIg&index=45&pp=iAQB,Focus Toolkit: Tools to Improve Your Focus & Concentration | Huberman Lab Podcast #88,yb5zpo5WDG4,https://i.ytimg.com/vi/yb5zpo5WDG4/hqdefault.jpg?sqp=-oaymwEcCNACELwBSFXyq4qpAw4IARUAAIhCGAFwAcABBg==&rs=AOn4CLCOXK6O0-Sv96Ygx0D3H3oWW6DvKg
93,"Dr. David Anderson: The Biology of Aggression, Mating, & Arousal | Huberman Lab Podcast #89",94.0,https://www.youtube.com/watch?v=uxZFl4BDOGk&list=UU2D2CMWXMOVWx7giW1n3LIg&index=44&pp=iAQB,"Dr. David Anderson: The Biology of Aggression, Mating, & Arousal | Huberman Lab Podcast #89",uxZFl4BDOGk,https://i.ytimg.com/vi/uxZFl4BDOGk/hqdefault.jpg?sqp=-oaymwEcCNACELwBSFXyq4qpAw4IARUAAIhCGAFwAcABBg==&rs=AOn4CLDILGAhZuPJ46IcFxKWtSxXSQBp9w
94,Nicotine’s Effects on the Brain & Body & How to Quit Smoking or Vaping | Huberman Lab Podcast #90,95.0,https://www.youtube.com/watch?v=uXs-zPc63kM&list=UU2D2CMWXMOVWx7giW1n3LIg&index=43&pp=iAQB,Nicotine’s Effects on the Brain & Body & How to Quit Smoking or Vaping | Huberman Lab Podcast #90,uXs-zPc63kM,https://i.ytimg.com/vi/uXs-zPc63kM/hqdefault.jpg?sqp=-oaymwEcCNACELwBSFXyq4qpAw4IARUAAIhCGAFwAcABBg==&rs=AOn4CLAMm8jZ8BXjvSq9_t1E66VhlynQow
95,Dr. Casey Halpern: Biology & Treatments for Compulsive Eating & Behaviors | Huberman Lab Podcast #91,96.0,https://www.youtube.com/watch?v=Nr5xb-QCBGA&list=UU2D2CMWXMOVWx7giW1n3LIg&index=42&pp=iAQB,Dr. Casey Halpern: Biology & Treatments for Compulsive Eating & Behaviors | Huberman Lab Podcast #91,Nr5xb-QCBGA,https://i.ytimg.com/vi/Nr5xb-QCBGA/hqdefault.jpg?sqp=-oaymwEcCNACELwBSFXyq4qpAw4IARUAAIhCGAFwAcABBg==&rs=AOn4CLBoE5RM7LmKiuLeCzTrzZ_LWP8k6g
96,The Effects of Cannabis (Marijuana) on the Brain & Body | Huberman Lab Podcast #92,97.0,https://www.youtube.com/watch?v=gXvuJu1kt48&list=UU2D2CMWXMOVWx7giW1n3LIg&index=41&pp=iAQB,The Effects of Cannabis (Marijuana) on the Brain & Body | Huberman Lab Podcast #92,gXvuJu1kt48,https://i.ytimg.com/vi/gXvuJu1kt48/hqdefault.jpg?sqp=-oaymwEcCNACELwBSFXyq4qpAw4IARUAAIhCGAFwAcABBg==&rs=AOn4CLBTTFLRlsq_ztJEOXLzUklye0K47g
97,Dr. Nolan Williams: Psychedelics & Neurostimulation for Brain Rewiring | Huberman Lab Podcast #93,98.0,https://www.youtube.com/watch?v=X4QE6t-MkYE&list=UU2D2CMWXMOVWx7giW1n3LIg&index=40&pp=iAQB,Dr. Nolan Williams: Psychedelics & Neurostimulation for Brain Rewiring | Huberman Lab Podcast #93,X4QE6t-MkYE,https://i.ytimg.com/vi/X4QE6t-MkYE/hqdefault.jpg?sqp=-oaymwEcCNACELwBSFXyq4qpAw4IARUAAIhCGAFwAcABBg==&rs=AOn4CLA34szVt9HtvQYKkRs0Rbe9LrLO9w
98,Fitness Toolkit: Protocol & Tools to Optimize Physical Health | Huberman Lab Podcast #94,99.0,https://www.youtube.com/watch?v=q1Ss8sTbFBY&list=UU2D2CMWXMOVWx7giW1n3LIg&index=39&pp=iAQB,Fitness Toolkit: Protocol & Tools to Optimize Physical Health | Huberman Lab Podcast #94,q1Ss8sTbFBY,https://i.ytimg.com/vi/q1Ss8sTbFBY/hqdefault.jpg?sqp=-oaymwEcCNACELwBSFXyq4qpAw4IARUAAIhCGAFwAcABBg==&rs=AOn4CLDWkApmsJdwknOiptfxkgyoQ9DR-A
99,Dr. Eddie Chang: The Science of Learning & Speaking Languages | Huberman Lab Podcast #95,100.0,https://www.youtube.com/watch?v=Z7MU6zrAXsM&list=UU2D2CMWXMOVWx7giW1n3LIg&index=38&pp=iAQB,Dr. Eddie Chang: The Science of Learning & Speaking Languages | Huberman Lab Podcast #95,Z7MU6zrAXsM,https://i.ytimg.com/vi/Z7MU6zrAXsM/hqdefault.jpg?sqp=-oaymwEcCNACELwBSFXyq4qpAw4IARUAAIhCGAFwAcABBg==&rs=AOn4CLC5AkX5WEjZbCj9FTgT3DKLmCiW7Q
100,How Meditation Works & Science-Based Effective Meditations | Huberman Lab Podcast #96,101.0,https://www.youtube.com/watch?v=wTBSGgbIvsY&list=UU2D2CMWXMOVWx7giW1n3LIg&index=37&pp=iAQB,How Meditation Works & Science-Based Effective Meditations | Huberman Lab Podcast #96,wTBSGgbIvsY,https://i.ytimg.com/vi/wTBSGgbIvsY/hqdefault.jpg?sqp=-oaymwEcCNACELwBSFXyq4qpAw4IARUAAIhCGAFwAcABBg==&rs=AOn4CLAwdG_mORzSeEEBf4SK_a2e_OJC_w
101,"AMA #1: Leveraging Ultradian Cycles, How to Protect Your Brain, Seed Oils Examined and More",102.0,https://www.youtube.com/watch?v=lsODSDmY4CY&list=UU2D2CMWXMOVWx7giW1n3LIg&index=36&pp=iAQB,"AMA #1: Leveraging Ultradian Cycles, How to Protect Your Brain, Seed Oils Examined and More",lsODSDmY4CY,https://i.ytimg.com/vi/lsODSDmY4CY/hqdefault.jpg?sqp=-oaymwEcCNACELwBSFXyq4qpAw4IARUAAIhCGAFwAcABBg==&rs=AOn4CLBBgY58Otx5wqTn3sJfSuesRFvXYA
102,"Dr Layne Norton: The Science of Eating for Health, Fat Loss & Lean Muscle | Huberman Lab Podcast #97",103.0,https://www.youtube.com/watch?v=K4Ze-Sp6aUE&list=UU2D2CMWXMOVWx7giW1n3LIg&index=35&pp=iAQB,"Dr Layne Norton: The Science of Eating for Health, Fat Loss & Lean Muscle | Huberman Lab Podcast #97",K4Ze-Sp6aUE,https://i.ytimg.com/vi/K4Ze-Sp6aUE/hqdefault.jpg?sqp=-oaymwEcCNACELwBSFXyq4qpAw4IARUAAIhCGAFwAcABBg==&rs=AOn4CLAM6iYHsnKyivSzPLJcAUFrecr97A
103,"LIVE EVENT Q&A: Dr. Andrew Huberman Question & Answer in Los Angeles, CA",104.0,https://www.youtube.com/watch?v=TO0WUTq5zYI&list=UU2D2CMWXMOVWx7giW1n3LIg&index=34&pp=iAQB,"LIVE EVENT Q&A: Dr. Andrew Huberman Question & Answer in Los Angeles, CA",TO0WUTq5zYI,https://i.ytimg.com/vi/TO0WUTq5zYI/hqdefault.jpg?sqp=-oaymwEcCNACELwBSFXyq4qpAw4IARUAAIhCGAFwAcABBg==&rs=AOn4CLBD2LgsN3zv97CMnG3mzYvpCKSH0w
104,Science-Based Tools for Increasing Happiness | Huberman Lab Podcast #98,105.0,https://www.youtube.com/watch?v=LTGGyQS1fZE&list=UU2D2CMWXMOVWx7giW1n3LIg&index=33&pp=iAQB,Science-Based Tools for Increasing Happiness | Huberman Lab Podcast #98,LTGGyQS1fZE,https://i.ytimg.com/vi/LTGGyQS1fZE/hqdefault.jpg?sqp=-oaymwEcCNACELwBSFXyq4qpAw4IARUAAIhCGAFwAcABBg==&rs=AOn4CLCx_2Vs65JF9PoTo1kriMdQ_qu3UA
105,Dr. Chris Palmer: Diet & Nutrition for Mental Health | Huberman Lab Podcast #99,106.0,https://www.youtube.com/watch?v=xjEFo3a1AnI&list=UU2D2CMWXMOVWx7giW1n3LIg&index=32&pp=iAQB,Dr. Chris Palmer: Diet & Nutrition for Mental Health | Huberman Lab Podcast #99,xjEFo3a1AnI,https://i.ytimg.com/vi/xjEFo3a1AnI/hqdefault.jpg?sqp=-oaymwEcCNACELwBSFXyq4qpAw4IARUAAIhCGAFwAcABBg==&rs=AOn4CLDBPc4OgtVqZqIY-IKG76W10bxcZQ
106,"Dr Lex Fridman: Navigating Conflict, Finding Purpose & Maintaining Drive | Huberman Lab Podcast #100",107.0,https://www.youtube.com/watch?v=6I5I56uVvLw&list=UU2D2CMWXMOVWx7giW1n3LIg&index=31&pp=iAQB,"Dr Lex Fridman: Navigating Conflict, Finding Purpose & Maintaining Drive | Huberman Lab Podcast #100",6I5I56uVvLw,https://i.ytimg.com/vi/6I5I56uVvLw/hqdefault.jpg?sqp=-oaymwEcCNACELwBSFXyq4qpAw4IARUAAIhCGAFwAcABBg==&rs=AOn4CLC-PXS3uVRV026hwLCoAXaIAx-A8g
107,Using Caffeine to Optimize Mental & Physical Performance | Huberman Lab Podcast 101,108.0,https://www.youtube.com/watch?v=iw97uvIge7c&list=UU2D2CMWXMOVWx7giW1n3LIg&index=30&pp=iAQB,Using Caffeine to Optimize Mental & Physical Performance | Huberman Lab Podcast 101,iw97uvIge7c,https://i.ytimg.com/vi/iw97uvIge7c/hqdefault.jpg?sqp=-oaymwEcCNACELwBSFXyq4qpAw4IARUAAIhCGAFwAcABBg==&rs=AOn4CLAhfAaIQ940r6rjV2_rEFyxb36fkg
108,"AMA #2: Improve Sleep, Reduce Sugar Cravings, Optimal Protein Intake, Stretching Frequency & More",109.0,https://www.youtube.com/watch?v=vZ4kOr38JhY&list=UU2D2CMWXMOVWx7giW1n3LIg&index=29&pp=iAQB,"AMA #2: Improve Sleep, Reduce Sugar Cravings, Optimal Protein Intake, Stretching Frequency & More",vZ4kOr38JhY,https://i.ytimg.com/vi/vZ4kOr38JhY/hqdefault.jpg?sqp=-oaymwEcCNACELwBSFXyq4qpAw4IARUAAIhCGAFwAcABBg==&rs=AOn4CLCmgr7NXf3ln8qatQAEBuL--wiy8w
109,Dr. Kyle Gillett: Tools for Hormone Optimization in Males | Huberman Lab Podcast 102,110.0,https://www.youtube.com/watch?v=O640yAgq5f8&list=UU2D2CMWXMOVWx7giW1n3LIg&index=28&pp=iAQB,Dr. Kyle Gillett: Tools for Hormone Optimization in Males | Huberman Lab Podcast 102,O640yAgq5f8,https://i.ytimg.com/vi/O640yAgq5f8/hqdefault.jpg?sqp=-oaymwEcCNACELwBSFXyq4qpAw4IARUAAIhCGAFwAcABBg==&rs=AOn4CLB47Uk147jRFBTf9ORr5j_P4Gf4Kw
110,"LIVE EVENT Q&A: Dr. Andrew Huberman Question & Answer in New York, NY",111.0,https://www.youtube.com/watch?v=uwWOc_RqTBA&list=UU2D2CMWXMOVWx7giW1n3LIg&index=27&pp=iAQB,"LIVE EVENT Q&A: Dr. Andrew Huberman Question & Answer in New York, NY",uwWOc_RqTBA,https://i.ytimg.com/vi/uwWOc_RqTBA/hqdefault.jpg?sqp=-oaymwEcCNACELwBSFXyq4qpAw4IARUAAIhCGAFwAcABBg==&rs=AOn4CLAZ9rEMfu6uhOn-cHgF1xXtUHLxFQ
111,The Science of Creativity & How to Enhance Creative Innovation | Huberman Lab Podcast 103,112.0,https://www.youtube.com/watch?v=KPlJcD-o-4Q&list=UU2D2CMWXMOVWx7giW1n3LIg&index=26&pp=iAQB,The Science of Creativity & How to Enhance Creative Innovation | Huberman Lab Podcast 103,KPlJcD-o-4Q,https://i.ytimg.com/vi/KPlJcD-o-4Q/hqdefault.jpg?sqp=-oaymwEcCNACELwBSFXyq4qpAw4IARUAAIhCGAFwAcABBg==&rs=AOn4CLCgwJdBY4ZK7uYjyS7R0sviwM0GTQ
112,"Jocko Willink: How to Become Resilient, Forge Your Identity & Lead Others | Huberman Lab Podcast 104",113.0,https://www.youtube.com/watch?v=__RAXBLt1iM&list=UU2D2CMWXMOVWx7giW1n3LIg&index=25&pp=iAQB,"Jocko Willink: How to Become Resilient, Forge Your Identity & Lead Others | Huberman Lab Podcast 104",__RAXBLt1iM,https://i.ytimg.com/vi/__RAXBLt1iM/hqdefault.jpg?sqp=-oaymwEcCNACELwBSFXyq4qpAw4IARUAAIhCGAFwAcABBg==&rs=AOn4CLAH8tAfpxnKbu7JOTI5Qzh4VuN-0g
113,"Dr. Sam Harris: Using Meditation to Focus, View Consciousness & Expand Your Mind | Huberman Lab 105",114.0,https://www.youtube.com/watch?v=-wIt_WsJGfw&list=UU2D2CMWXMOVWx7giW1n3LIg&index=24&pp=iAQB,"Dr. Sam Harris: Using Meditation to Focus, View Consciousness & Expand Your Mind | Huberman Lab 105",-wIt_WsJGfw,https://i.ytimg.com/vi/-wIt_WsJGfw/hqdefault.jpg?sqp=-oaymwEcCNACELwBSFXyq4qpAw4IARUAAIhCGAFwAcABBg==&rs=AOn4CLB8i_qlpTV2FPoMTUyoXmwxKUDQBQ
114,Developing a Rational Approach to Supplementation for Health & Performance | Huberman Lab Podcast,115.0,https://www.youtube.com/watch?v=tLS6t3FVOTI&list=UU2D2CMWXMOVWx7giW1n3LIg&index=23&pp=iAQB,Developing a Rational Approach to Supplementation for Health & Performance | Huberman Lab Podcast,tLS6t3FVOTI,https://i.ytimg.com/vi/tLS6t3FVOTI/hqdefault.jpg?sqp=-oaymwEcCNACELwBSFXyq4qpAw4IARUAAIhCGAFwAcABBg==&rs=AOn4CLDHksmX0dzP0vyCk94ClCfh51nCkg
115,"AMA #3: Adaptogens, Fasting & Fertility, Bluetooth/EMF Risks, Cognitive Load Limits & More",116.0,https://www.youtube.com/watch?v=uak_dXHh6s4&list=UU2D2CMWXMOVWx7giW1n3LIg&index=22&pp=iAQB,"AMA #3: Adaptogens, Fasting & Fertility, Bluetooth/EMF Risks, Cognitive Load Limits & More",uak_dXHh6s4,https://i.ytimg.com/vi/uak_dXHh6s4/hqdefault.jpg?sqp=-oaymwEcCNACELwBSFXyq4qpAw4IARUAAIhCGAFwAcABBg==&rs=AOn4CLBzJN9bTXw1SL7P0n-E89gBMPRLkA
116,Rick Rubin: How to Access Your Creativity | Huberman Lab Podcast,117.0,https://www.youtube.com/watch?v=ycOBZZeVeAc&list=UU2D2CMWXMOVWx7giW1n3LIg&index=21&pp=iAQB,Rick Rubin: How to Access Your Creativity | Huberman Lab Podcast,ycOBZZeVeAc,https://i.ytimg.com/vi/ycOBZZeVeAc/hqdefault.jpg?sqp=-oaymwEcCNACELwBSFXyq4qpAw4IARUAAIhCGAFwAcABBg==&rs=AOn4CLD_koaA4cP-qCWKpKHZvZ8xgraacQ
117,Dr. Andy Galpin: How to Assess & Improve All Aspects of Your Fitness | Huberman Lab Guest Series,118.0,https://www.youtube.com/watch?v=zEYE-vcVKy8&list=UU2D2CMWXMOVWx7giW1n3LIg&index=20&pp=iAQB,Dr. Andy Galpin: How to Assess & Improve All Aspects of Your Fitness | Huberman Lab Guest Series,zEYE-vcVKy8,https://i.ytimg.com/vi/zEYE-vcVKy8/hqdefault.jpg?sqp=-oaymwEcCNACELwBSFXyq4qpAw4IARUAAIhCGAFwAcABBg==&rs=AOn4CLAkp1UsCeLMgdb9tkJE12BFm151gQ
118,How to Optimize Fertility in Males & Females | Huberman Lab Podcast,119.0,https://www.youtube.com/watch?v=O1YRwWmue4Y&list=UU2D2CMWXMOVWx7giW1n3LIg&index=19&pp=iAQB,How to Optimize Fertility in Males & Females | Huberman Lab Podcast,O1YRwWmue4Y,https://i.ytimg.com/vi/O1YRwWmue4Y/hqdefault.jpg?sqp=-oaymwEcCNACELwBSFXyq4qpAw4IARUAAIhCGAFwAcABBg==&rs=AOn4CLCQocO934_fyrV7rzbFcp6RmJMyKA
119,Dr. Andy Galpin: Optimal Protocols to Build Strength & Grow Muscles | Huberman Lab Guest Series,120.0,https://www.youtube.com/watch?v=CyDLbrZK75U&list=UU2D2CMWXMOVWx7giW1n3LIg&index=18&pp=iAQB,Dr. Andy Galpin: Optimal Protocols to Build Strength & Grow Muscles | Huberman Lab Guest Series,CyDLbrZK75U,https://i.ytimg.com/vi/CyDLbrZK75U/hqdefault.jpg?sqp=-oaymwEcCNACELwBSFXyq4qpAw4IARUAAIhCGAFwAcABBg==&rs=AOn4CLDNAkdADe61fr4pKllFPgsMqW03yQ
120,Dr. Sara Gottfried: How to Optimize Female Hormone Health for Vitality & Longevity | Huberman Lab,121.0,https://www.youtube.com/watch?v=GVRDGQhoEYQ&list=UU2D2CMWXMOVWx7giW1n3LIg&index=17&pp=iAQB,Dr. Sara Gottfried: How to Optimize Female Hormone Health for Vitality & Longevity | Huberman Lab,GVRDGQhoEYQ,https://i.ytimg.com/vi/GVRDGQhoEYQ/hqdefault.jpg?sqp=-oaymwEcCNACELwBSFXyq4qpAw4IARUAAIhCGAFwAcABBg==&rs=AOn4CLA0l_EKSR1rUmO_u7XRTAJ9EtzyLw
121,Dr. Andy Galpin: How to Build Physical Endurance & Lose Fat | Huberman Lab Guest Series,122.0,https://www.youtube.com/watch?v=oNkDA2F7CjM&list=UU2D2CMWXMOVWx7giW1n3LIg&index=16&pp=iAQB,Dr. Andy Galpin: How to Build Physical Endurance & Lose Fat | Huberman Lab Guest Series,oNkDA2F7CjM,https://i.ytimg.com/vi/oNkDA2F7CjM/hqdefault.jpg?sqp=-oaymwEcCNACELwBSFXyq4qpAw4IARUAAIhCGAFwAcABBg==&rs=AOn4CLDNLox3XrJd3efEzJNtBF1UXJWU_w
122,How to Stop Headaches Using Science-Based Approaches | Huberman Lab Podcast,123.0,https://www.youtube.com/watch?v=CGjdgy0cwGk&list=UU2D2CMWXMOVWx7giW1n3LIg&index=15&pp=iAQB,How to Stop Headaches Using Science-Based Approaches | Huberman Lab Podcast,CGjdgy0cwGk,https://i.ytimg.com/vi/CGjdgy0cwGk/hqdefault.jpg?sqp=-oaymwEcCNACELwBSFXyq4qpAw4IARUAAIhCGAFwAcABBg==&rs=AOn4CLDSp8gPattB4XWuIAVQcu_QuCK1tg
123,Dr. Andy Galpin: Optimize Your Training Program for Fitness & Longevity | Huberman Lab Guest Series,124.0,https://www.youtube.com/watch?v=UIy-WQCZd4M&list=UU2D2CMWXMOVWx7giW1n3LIg&index=14&pp=iAQB,Dr. Andy Galpin: Optimize Your Training Program for Fitness & Longevity | Huberman Lab Guest Series,UIy-WQCZd4M,https://i.ytimg.com/vi/UIy-WQCZd4M/hqdefault.jpg?sqp=-oaymwEcCNACELwBSFXyq4qpAw4IARUAAIhCGAFwAcABBg==&rs=AOn4CLC7iHQQxTGOESM0ahYsapyszkjdSg
124,"Dr. Gina Poe: Use Sleep to Enhance Learning, Memory & Emotional State | Huberman Lab Podcast",125.0,https://www.youtube.com/watch?v=BMTt8gSl13s&list=UU2D2CMWXMOVWx7giW1n3LIg&index=13&pp=iAQB,"Dr. Gina Poe: Use Sleep to Enhance Learning, Memory & Emotional State | Huberman Lab Podcast",BMTt8gSl13s,https://i.ytimg.com/vi/BMTt8gSl13s/hqdefault.jpg?sqp=-oaymwEcCNACELwBSFXyq4qpAw4IARUAAIhCGAFwAcABBg==&rs=AOn4CLBDTC9akgdVuiwdDqMRk3BIuXrGkQ
125,Dr. Andy Galpin: Maximize Recovery to Achieve Fitness & Performance Goals | Huberman Lab,126.0,https://www.youtube.com/watch?v=juD99_sPWGU&list=UU2D2CMWXMOVWx7giW1n3LIg&index=12&pp=iAQB,Dr. Andy Galpin: Maximize Recovery to Achieve Fitness & Performance Goals | Huberman Lab,juD99_sPWGU,https://i.ytimg.com/vi/juD99_sPWGU/hqdefault.jpg?sqp=-oaymwEcCNACELwBSFXyq4qpAw4IARUAAIhCGAFwAcABBg==&rs=AOn4CLAAa5joPawv9VhMWPrCKc-R_hMDwQ
126,"How to Breathe Correctly for Optimal Health, Mood, Learning & Performance | Huberman Lab Podcast",127.0,https://www.youtube.com/watch?v=x4m_PdFbu-s&list=UU2D2CMWXMOVWx7giW1n3LIg&index=11&pp=iAQB,"How to Breathe Correctly for Optimal Health, Mood, Learning & Performance | Huberman Lab Podcast",x4m_PdFbu-s,https://i.ytimg.com/vi/x4m_PdFbu-s/hqdefault.jpg?sqp=-oaymwEcCNACELwBSFXyq4qpAw4IARUAAIhCGAFwAcABBg==&rs=AOn4CLAb_7w9u04-sf7FmV7VNDYlDZE_iQ
127,Dr. Andy Galpin: Optimal Nutrition & Supplementation for Fitness | Huberman Lab Guest Series,128.0,https://www.youtube.com/watch?v=q37ARYnRDGc&list=UU2D2CMWXMOVWx7giW1n3LIg&index=10&pp=iAQB,Dr. Andy Galpin: Optimal Nutrition & Supplementation for Fitness | Huberman Lab Guest Series,q37ARYnRDGc,https://i.ytimg.com/vi/q37ARYnRDGc/hqdefault.jpg?sqp=-oaymwEcCNACELwBSFXyq4qpAw4IARUAAIhCGAFwAcABBg==&rs=AOn4CLAfMrBKtg_e_NI6RFB9XN96gdAP2A
128,"AMA #4: Maintain Motivation, Improve REM Sleep, Set Goals, Manage Anxiety & More",129.0,https://www.youtube.com/watch?v=S8nPJU9xkNw&list=UU2D2CMWXMOVWx7giW1n3LIg&index=9&pp=iAQB,"AMA #4: Maintain Motivation, Improve REM Sleep, Set Goals, Manage Anxiety & More",S8nPJU9xkNw,https://i.ytimg.com/vi/S8nPJU9xkNw/hqdefault.jpg?sqp=-oaymwEcCNACELwBSFXyq4qpAw4IARUAAIhCGAFwAcABBg==&rs=AOn4CLB-Cvg6mBTCm0RsxD9CelfrFtf6Jg
129,Dr. Oded Rechavi: Genes & the Inheritance of Memories Across Generations | Huberman Lab Podcast,130.0,https://www.youtube.com/watch?v=CDUetQMKM6g&list=UU2D2CMWXMOVWx7giW1n3LIg&index=8&pp=iAQB,Dr. Oded Rechavi: Genes & the Inheritance of Memories Across Generations | Huberman Lab Podcast,CDUetQMKM6g,https://i.ytimg.com/vi/CDUetQMKM6g/hqdefault.jpg?sqp=-oaymwEcCNACELwBSFXyq4qpAw4IARUAAIhCGAFwAcABBg==&rs=AOn4CLAA13lXkmhBNpvYH1dJR7IDcUVmww
130,How to Optimize Your Water Quality & Intake for Health | Huberman Lab Podcast,131.0,https://www.youtube.com/watch?v=at37Y8rKDlA&list=UU2D2CMWXMOVWx7giW1n3LIg&index=7&pp=iAQB,How to Optimize Your Water Quality & Intake for Health | Huberman Lab Podcast,at37Y8rKDlA,https://i.ytimg.com/vi/at37Y8rKDlA/hqdefault.jpg?sqp=-oaymwEcCNACELwBSFXyq4qpAw4IARUAAIhCGAFwAcABBg==&rs=AOn4CLAHRdrUTdd2NXH9YMjnDxGWoF3RRA
131,"Dr. Satchin Panda: Intermittent Fasting to Improve Health, Cognition & Longevity | Huberman Lab",132.0,https://www.youtube.com/watch?v=7R3-3HR6-u4&list=UU2D2CMWXMOVWx7giW1n3LIg&index=6&pp=iAQB,"Dr. Satchin Panda: Intermittent Fasting to Improve Health, Cognition & Longevity | Huberman Lab",7R3-3HR6-u4,https://i.ytimg.com/vi/7R3-3HR6-u4/hqdefault.jpg?sqp=-oaymwEcCNACELwBSFXyq4qpAw4IARUAAIhCGAFwAcABBg==&rs=AOn4CLBYN69ewoONrcmXii4zPaCuRv-PhQ
132,"Dr. Peter Attia: Improve Vitality, Emotional & Physical Health & Lifespan | Huberman Lab Podcast",133.0,https://www.youtube.com/watch?v=ufsIA5NARIo&list=UU2D2CMWXMOVWx7giW1n3LIg&index=5&pp=iAQB,"Dr. Peter Attia: Improve Vitality, Emotional & Physical Health & Lifespan | Huberman Lab Podcast",ufsIA5NARIo,https://i.ytimg.com/vi/ufsIA5NARIo/hqdefault.jpg?sqp=-oaymwEcCNACELwBSFXyq4qpAw4IARUAAIhCGAFwAcABBg==&rs=AOn4CLCkjq-NX6HvghOAMSaZaE8zBj3uHQ
133,"AMA #5: Intrusive Thoughts, CGMs, Behavioral Change, Naps & NSDR",134.0,https://www.youtube.com/watch?v=cp9GXl9Qk_s&list=UU2D2CMWXMOVWx7giW1n3LIg&index=4&pp=iAQB,"AMA #5: Intrusive Thoughts, CGMs, Behavioral Change, Naps & NSDR",cp9GXl9Qk_s,https://i.ytimg.com/vi/cp9GXl9Qk_s/hqdefault.jpg?sqp=-oaymwEcCNACELwBSFXyq4qpAw4IARUAAIhCGAFwAcABBg==&rs=AOn4CLDUyXqqESuwwisEfVv8xsyIm0C-MQ
134,Leverage Dopamine to Overcome Procrastination & Optimize Effort | Huberman Lab Podcast,135.0,https://www.youtube.com/watch?v=K-TW2Chpz4k&list=UU2D2CMWXMOVWx7giW1n3LIg&index=3&pp=iAQB,Leverage Dopamine to Overcome Procrastination & Optimize Effort | Huberman Lab Podcast,K-TW2Chpz4k,https://i.ytimg.com/vi/K-TW2Chpz4k/hqdefault.jpg?sqp=-oaymwEcCNACELwBSFXyq4qpAw4IARUAAIhCGAFwAcABBg==&rs=AOn4CLBDFyfD5lRWiMmma3ls4XH_ZaUBFw
135,"Dr. Elissa Epel: Control Stress for Healthy Eating, Metabolism & Aging | Huberman Lab Podcast",136.0,https://www.youtube.com/watch?v=ulHrUVV3Kq4&list=UU2D2CMWXMOVWx7giW1n3LIg&index=2&pp=iAQB,"Dr. Elissa Epel: Control Stress for Healthy Eating, Metabolism & Aging | Huberman Lab Podcast",ulHrUVV3Kq4,https://i.ytimg.com/vi/ulHrUVV3Kq4/hqdefault.jpg?sqp=-oaymwEcCNACELwBSFXyq4qpAw4IARUAAIhCGAFwAcABBg==&rs=AOn4CLB13UAxQQikM0-jxglak0UryMxafQ
136,"The Science of Healthy Hair, Hair Loss and How to Regrow Hair | Huberman Lab Podcast",137.0,https://www.youtube.com/watch?v=6ZrlsVx85ek&list=UU2D2CMWXMOVWx7giW1n3LIg&index=1&pp=iAQB,"The Science of Healthy Hair, Hair Loss and How to Regrow Hair | Huberman Lab Podcast",6ZrlsVx85ek,https://i.ytimg.com/vi/6ZrlsVx85ek/hqdefault.jpg?sqp=-oaymwEcCNACELwBSFXyq4qpAw4IARUAAIhCGAFwAcABBg==&rs=AOn4CLA8Q0IrMw8ggGjDiZgIg-Gv6LS8wQ
